제목,출품자,설명,파일명키워드
서라,경인고등학교 홍준호,"언제 어디서나! 우리의 서울온라인고의 친구 서라! 서라는 온라인 수업을 더 쉽고 즐겁게 만들어주는 서울온라인고등학교의 마스코트예요. 언제나 학생들의 곁에서 응원하고, 함께 배우고, 더 나은 내일을 향해 나아가요!

서라는 서울온라인고등학교의 로고에서 모티브를 얻어 탄생한 캐릭터다. 로고의 보라색 곡선과 민트색 포인트를 활용해 서울온라인고등학교의 정체성을 캐릭터의 모습에 자연스럽게 담아냈다. 서라는 정해진 교실에서만 공부하는 것이 아니라 온라인을 통해 다양한 수업을 만나고 새로운 경험을 쌓는 학생들의 곁에서 함께하는 친구다. 학생들에게 필요한 수업과 학교 정보를 알려주고, 온라인 수업을 처음 접하는 학생도 편하게 학교생활을 시작할 수 있도록 도와준다. 또한 학생들이 새로운 수업에 도전하고 자신이 원하는 분야를 찾아갈 수 있도록 항상 응원한다. 서로 다른 수업을 듣는 학생들과도 온라인에서 소통하며, 학교와 학생, 학생과 새로운 배움을 연결해주는 역할을 한다. 밝고 친근한 성격으로 학생들이 어려움을 느낄 때 도움을 주고, 새로운 것을 배우거나 도전할 때 함께 기뻐하며 응원한다. 학생과 함께 배우고 성장하며, 학교의 경계를 넘어 더 다양한 배움으로 이어주는 서울온라인고등학교의 친구가 되는 것이 서라의 이야기다.",서라
누리,금옥여자고등학교 김민성,"다양한 학생들과 꿈을 연결 시켜주러 온 탐험가 캐릭터이다.

‘누리’라는 이름은 ‘세상’을 뜻하는 순우리말에서 착안하여, 온라인을 통해 더 넓은 세상과 연결되고, 다양한 사람과 배움을 이어간다는 의미에서 지었다. 본명은 ‘온누리’로, 온세상을 뜻하는 순우리말이기도 하고 서울온라인학교를 통해 가능성을 열라는 의미로 ‘On(켜다)+누리’라고 지었다. 누리는 넓은 세상을 돌아다니며 새로운 것을 발견하는 것을 좋아하던 탐험가였다. 어느 날 누리는 세상 곳곳에 배우고 싶은 것이 있지만 서로 연결되지 못해 새로운 배움을 찾기 어려워하는 학생들이 있다는 것을 발견했다. 누리는 학생들이 더 넓은 세상을 탐색하고 각자의 꿈을 향해 나아갈 수 있도록 돕고 싶었고, 그러던 중 시간과 공간의 경계를 넘어 다양한 학생과 배움을 연결하는 서울온라인학교를 발견하게 되었다. 그래서 누리는 서울온라인학교에서 학생들의 배움과 꿈을 연결하는 역할을 하게 된다. 캐릭터의 외형은 전체적으로 둥글어 친밀한 이미지를 준다. 꼬리에는 마우스 커서가 달려있다. 학생들의 반짝이는 꿈을 보면 같이 반짝이는 별을 달고 있으며, 학생들의 꿈을 탐색하고 함께 탐험해주기 위해 망원경을 항상 들고 다닌다. 망원경과 날개를 통해 원하는 곳으로 갈 수 있다. 누리는 호기심이 많고 가끔 덜렁거리지만 학생들을 돕고 싶어하는 누구보다 따뜻하고 긍정적인 캐릭터이다.",누리
우미 & 꾸미,성심여자고등학교 정유경,"학교라는 경계를 허물고 모두를 연결시켜 학생이 꿈을 이루도록 돕는다.

탐구하길 좋아하는 평범한 강아지였던 우미는 어느날 책 포탈을 발견했다. 그 포탈을 통해 공간을 초월한 무한한 배움의 장소, 서울온라인학교에 도착하게 되었다. ""나는 내 꿈을 위해 더 많은 걸 배우고 싶어! 공간과 학교의 경계를 뛰어 넘는 거야!"" 이제 우미는 배움을 원하는 학생들을 위해 책 포탈을 열어 학교라는 경계를 허물고, 세상의 지식을 연결해 주는 안내자가 되어 서울온라인학교를 누비고 있다. '우미'라는 이름은 '배움'을 의미하며, 사람과 반려견이 '연결'되듯이 우미는 학생과 배움을 하나로 '연결'해주는 강아지이다. 바람을 쫓아 맘껏 흩날리는 스카프는 자기주도성과 창의성을 상징하며, 머리에 달린 연결고리와 별 모양 핀은 연결과 꿈을 상징한다. 우미는 항상 들고 다니는 책 포탈을 통해 학생들이 학교의 경계를 뛰어넘어 무엇이든 배울 수 있게 돕는다. 책 포탈은 배움의 공간을 확장시키는 동시에, 학교의 탈경계성을 상징한다. 보라&민트 색은 안정성과 창의성을 뜻한다. 그렇게 우미가 꿈을 향해 나아가려던 그 순간, 눈앞에 꾸미가 뿅 나타난다. ""안녕! 난 너의 꾸미야. 배움을 통해 날 피워줘! 그러면 나도 너의 옆에서 언제나 널 비춰줄게!"" 우미와 항상 함께 다니는 펫인 꾸미는, 학생들의 배우고자 하는 의지를 먹고 자라난다. 꾸미의 동반자가 배우며 성장할수록 꾸미 머리 위의 새싹이 자라나며, 다 자라 꽃이 피면 그 동시에 꾸미는 빛나는 별의 모양으로 진화한다. 이는 성장(새싹)을 통해 꿈(별)이 이뤄지는 것을 상징하며, 꾸미는 학생의 미래를 언제나 비춰주는 수호별이 된다. 꾸미는 우미만의 펫이 아니며, 서울온라인학교의 학생 모두에게 하나씩 존재한다. 학생들이 성장을 통해 꿈을 이룬다면, 그들만의 꾸미 역시 별로 진화해 그들을 비춰 줄 것이다.",우미
이음별,예일여자고등학교 전금빈,"세 별(핵심가치)를 이어 더 넓은 배움을 비추는 서울온라인학교의 별

창의력을 가진 이음별은 경계 없는 배움과 꿈을 향한 선택을 찾아 우주를 여행한다. 그러던 중 스스로 배움의 길을 선택하는 자율별, 배움에 깊이 빠져드는 몰입별, 새로운 가능성을 향해 빛을 넓혀가는 확장별을 발견한다. 서로 다른 빛을 내던 세 별은 이음별의 곁에 모여 궤도를 이루고 서로의 빛을 안정적으로 이어간다. 이음별은 세 별과 함께 새로운 배움의 우주로 나아간다.",이음별
매듭이,원묵고등학교 강은혜,"사람과 사람을 연결하며 새로운 관계를 만드는 서울온라인학교의 친구

매듭이는 사람과 사람, 정보와 정보를 연결하기 위해 희망 나라에서 로켓배송으로 온 서울온라인학교의 대표 캐릭터이다. 주로 학교와 온라인 학습공간에서 활동하며 학교 홍보활동과 축제·행사에 참여한다. 서울온라인학교를 잘 모르거나 처음 시작하는 학생들에게 학교 정보를 알려주고, 온라인과 오프라인을 연결하며 학생들이 학교생활에 쉽게 적응할 수 있도록 돕는다. 수업 내용을 활용한 퀴즈를 만들고 학생들을 응원하며, 친구들과 소통할 수 있는 기회도 만들어준다.

매듭이는 서로 맞물린 두 개의 연결고리 형태를 가진 2등신 캐릭터로, 사람과 사람을 서로 끌어당기고 연결하려 한다. 두 고리가 하나의 캐릭터를 이루는 모습은 서로 다른 생각과 경험이 만나 새로운 것을 만들어내는 융합을 의미하며, 고리의 열린 공간은 아직 정해지지 않은 미래와 가능성을 상징한다. 또한 가방을 메고 새로운 장소를 찾아다니며 새로운 지식과 경험을 발견하는 탐험을 즐긴다.

성격은 #모든연결자 #호기심넘침 #낙관주의자이다. 기분이 좋으면 엉덩이를 흔들며 신나하고, 새로운 것이 보이면 호기심을 참지 못하고 다가간다. 하지만 갑자기 예상하지 못한 황당한 상황이 벌어지거나 혼자 해결하기 어려운 일이 생기면 당황한 표정으로 참방이를 찾아가 도움을 요청한다. 목에는 노란 자물쇠 목걸이를 하고 있으며, 소중한 관계를 지키고 새로운 연결의 문을 여는 상징적인 아이템이다.

참방이는 매듭이의 둘도 없는 단짝 친구로 #친화력만렙 #수다쟁이 #분위기메이커의 성격을 지닌다. 매듭이가 연결한 사람들에게 대화와 소통의 기회를 만들어주고, 매듭이가 황당한 상황에 처했을 때는 재미있는 이야기를 꺼내거나 해결 방법을 함께 찾아준다. 매듭이가 연결을 만든다면, 참방이는 그 연결을 소통으로 이어준다.",매듭이
이온 (Ion),잠실고등학교 김시현,"전자 세계 속에서 태어나, 꿈을 찾아 모험하는 캐릭터.

서울온라인학교의 온라인 공간을 이루는 수많은 데이터와 정보가 우연히 만나 탄생한 디지털 생명체, 이온. 처음의 이온은 자신이 누구인지, 무엇을 좋아하는지, 무엇이 되고 싶은지 아무것도 알지 못했다. 그렇게 오랜 시간 전자 세계를 떠돌며 답을 찾지 못한 채 지내던 어느 날, 서울온라인학교에서 다양한 것을 배우고 자신만의 꿈을 향해 나아가는 인간 학생들을 만나게 된다. 학생들의 활동을 지켜보며 이온은 새로운 경험과 지식을 쌓아갔고, 마침내 자신도 '내가 좋아하고 잘하는 것은 무엇일까?'라는 꿈을 품게 된다. 그리고 수많은 것을 배우고 직접 경험하는 과정 속에서 깨닫는다. ""꿈을 찾아야 배울 수 있는 것이 아니라, 배우고 경험하면서 나만의 꿈을 찾아갈 수 있는 거야!"" 이제 이온은 정해진 답을 찾기보다, 끝없이 변화하는 세상을 자유롭게 탐험하며 자신만의 꿈을 스스로 설계해 나간다.

캐릭터의 이미지 색깔이자 서울온라인학교의 상징색이기도 한 청록과 보라는 모두 '창의성'을 상징하는 색이다. 캐릭터의 이름 '이온'은 '이으며 배우는 온라인학교'에서 따온 이름으로, 서울온라인학교의 모토인 경계 없는 배움을 상징한다. 날개는 진로 선택의 자율성, 확장을 상징하며, 꿈을 향해 날아간다는 점에서 '몰입'의 의미 또한 갖는다. 머리 위의 무한대 모양 헤일로는 진로를 향해 나아갈 수 있는 학생의 무한한 가능성을 상징한다.",이온
온리,홍익대학교사범대학부속여자고등학교 이나경,"‘온리’는 온라인에서 선택의 문을 열고 새로운 배움으로 날아가는 친구

평소 애니메이션에서 문을 열면 새로운 세계가 펼쳐지는 장면을 좋아했다. 문 하나를 사이에 두고 전혀 다른 세계가 기다리고 있다는 점이 인상적이었다. 서울온라인학교의 여러 과목을 보면서, 우리가 선택하는 과목도 하나의 문이 될 수 있겠다고 생각했다. 누군가는 미술의 문을 열고, 누군가는 과학의 문을 열며 자신만의 새로운 배움을 만난다.

그렇다면 그 문 너머의 배움으로 어떻게 갈 수 있을까? 별도의 날개를 붙이는 대신, 학생이 직접 연 문이 그대로 날개가 되면 좋겠다고 생각했다. 그렇게 커서 모양 귀와 문 모양 날개를 가진 하얗고 둥근 캐릭터가 탄생했다. ‘온라인에서 열리는 배움의 문’이라는 의미를 담아 ‘온리’라고 이름 붙였다.

온리는 커서 모양 귀로 여러 수업을 탐색한다. 원하는 수업을 발견하면 직접 선택하고, 자신이 선택한 문을 스스로 연다. 이 문은 누가 대신 열어주지 않는다. 어떤 배움을 선택할지 결정한 학생이 자기 손으로 여는 문이다.

문이 열리는 순간, 두 개의 문은 온리의 날개가 된다. 온리는 그 날개로 교실과 학교의 경계를 넘어 새로운 배움으로 날아간다. 노트북 모양 가방을 메고 있어, 어디에 있든 배움을 이어갈 수 있다.

온리가 지나간 자리에는 연결선 모양의 꼬리가 길게 이어진다. 서로 다른 곳에 있던 학생과 학교, 수업과 경험이 하나씩 이어지고, 그 끝에는 각자가 향하는 꿈이 기다리고 있다.

온리는 서울온라인학교의 보라색과 민트색 문날개를 달고 있지만, 몸은 아직 어떤 색으로도 채워지지 않은 흰색이다. 아직 하나의 길로 정해지지 않은 우리처럼, 새로운 문을 하나씩 열어갈 때마다 온리도 자신만의 색을 찾아간다.",온리
"온이, 로미, 라인",흑석고등학교 김라온,"온이(On-i): 디지털 세상에 첫발을 내디딘 열정 가득 참새 / 로미(Romi): 포근한 구름처럼 온이의 배움을 감싸주는 로봇 / 라인(Line): 스마트하고 정교하게 길을 제시하는 안내 로봇

[온이(On-i)]
디자인 모티브: 서울온라인학교 로고를 세로로 세웠을 때 나타나는 새의 형상
성격: 호기심 많고 긍정적이며, 모르는 것을 두려워하지 않는 대범함과 배움에 대한 뜨거운 열정을 지님
배경 스토리: 과거 소식을 전하던 전서구(傳書鳩)처럼, 온이는 마을과 사람 사이의 마음과 연락을 이어주는 당찬 참새였습니다. 하지만 빠르게 변하는 현대 사회에서 사람들은 더 이상 날아오는 새 대신 스마트폰과 디지털 메시지로 연락을 주고받기 시작했습니다. 일자리를 잃고 도시 한복판에서 방황하던 온이는 ""내가 전달하고 싶은 수많은 이야기들을 이 새로운 디지털 세상에서는 어떻게 전해야 할까?""라는 고민에 빠집니다. 디지털 문화를 어디서부터 배워야 할지 막막해하던 순간, 온이는 '누구나, 언제나, 온라인으로 자유롭게 배울 수 있다'는 서울온라인학교의 안내판을 발견합니다. 온이는 자신의 두 날개로 새로운 디지털 세계를 자유롭게 날아오르기 위해 서울온라인학교의 첫 배움에 도전합니다.
상징성: 디지털 격차를 극복하고 배움의 기회를 통해 성장하는 학습자의 모습

[로미(Romi)]
디자인 모티브: 서울온라인학교 로고의 반원과 삼각형이 결합된 구름 모양의 공중부양 로봇
성격: 다정다감하고 친절하며, 온이가 어려움을 느낄 때마다 차근차근 눈높이에 맞춰 설명해 주는 페이스메이커
배경 스토리 및 역할: 로미는 온이가 디지털 기기를 다루다 막히거나 새로운 프로그램 사용법을 어려워할 때 가장 먼저 다가오는 든든한 튜터 로봇입니다. 둥글둥글한 구름 형태의 외형처럼, 디지털 세계가 낯선 온이가 심리적 부담을 느끼지 않도록 따뜻하고 포근하게 맞이해 줍니다. 질문이 많아 엉뚱한 버튼을 누르는 온이의 실수에도 절대 조급해하지 않으며, 차근차근 개념을 이해할 수 있도록 감성적인 안내를 제공합니다.
상징성: 서울온라인학교의 친근한 교육 환경과 맞춤형 학습 지원 시스템",온이
